{
  "version": "1.1.1",
  "windows": {
    "main": {
      "main": true,
      "url": "app://editor/index.html",
      "windowType": "dockable",
      "x": 0,
      "y": 0,
      "width": 1366,
      "height": 728,
      "layout": {
        "children": [
          {
            "children": [
              {
                "active": 0,
                "children": [
                  "hierarchy"
                ],
                "height": 304,
                "type": "panel",
                "width": 204
              },
              {
                "active": 0,
                "children": [
                  "assets"
                ],
                "height": 304,
                "type": "panel",
                "width": 204
              }
            ],
            "height": 611,
            "type": "dock-v",
            "width": 204
          },
          {
            "children": [
              {
                "children": [
                  {
                    "active": 0,
                    "children": [
                      "scene"
                    ],
                    "height": 342,
                    "type": "panel",
                    "width": 569
                  },
                  {
                    "active": 0,
                    "children": [
                      "node-library"
                    ],
                    "height": 342,
                    "type": "panel",
                    "width": 264
                  }
                ],
                "height": 342,
                "type": "dock-h",
                "width": 836
              },
              {
                "active": 2,
                "children": [
                  "timeline",
                  "game-window",
                  "console"
                ],
                "height": 266,
                "type": "panel",
                "width": 836
              }
            ],
            "height": 611,
            "type": "dock-v",
            "width": 836
          },
          {
            "active": 0,
            "children": [
              "inspector",
              "cocos-services"
            ],
            "height": 611,
            "type": "panel",
            "width": 304
          }
        ],
        "type": "dock-h"
      },
      "panels": [
        "hierarchy",
        "assets",
        "scene",
        "node-library",
        "timeline",
        "game-window",
        "console",
        "inspector",
        "cocos-services"
      ]
    }
  },
  "panels": {
    "project-settings": {
      "x": 395,
      "y": 85,
      "width": 600,
      "height": 564
    },
    "preferences": {
      "x": 395,
      "y": 85,
      "width": 600,
      "height": 564
    },
    "console": {
      "x": 529,
      "y": 444,
      "width": 420,
      "height": 338
    },
    "sprite-editor": {
      "x": 187,
      "y": 94,
      "width": 516,
      "height": 538
    }
  },
  "panelLabelWidth": {
    "inspector": null,
    "project-settings": null,
    "preferences": null
  },
  "panelLabelWidth.inspector": null,
  "panelLabelWidth.project-settings": null,
  "panelLabelWidth.preferences": null
}
