{
  "9836134e-b892-4283-b6b2-78b5acf3ed45": {
    "asset": 1580868923642,
    "meta": 1577083950000,
    "relativePath": "effects"
  },
  "430eccbf-bf2c-4e6e-8c0c-884bbb487f32": {
    "asset": 1577083950000,
    "meta": 1581241731634,
    "relativePath": "effects\\__builtin-editor-gizmo-line.effect"
  },
  "6c5cf6e1-b044-4eac-9431-835644d57381": {
    "asset": 1577083950000,
    "meta": 1581241731736,
    "relativePath": "effects\\__builtin-editor-gizmo-unlit.effect"
  },
  "115286d1-2e10-49ee-aab4-341583f607e8": {
    "asset": 1577083950000,
    "meta": 1581241732042,
    "relativePath": "effects\\__builtin-editor-gizmo.effect"
  },
  "abc2cb62-7852-4525-a90d-d474487b88f2": {
    "asset": 1577083950000,
    "meta": 1581241732451,
    "relativePath": "effects\\builtin-phong.effect"
  },
  "e2f00085-c597-422d-9759-52c360279106": {
    "asset": 1577083950000,
    "meta": 1581241732484,
    "relativePath": "effects\\builtin-toon.effect"
  },
  "f8e6b000-5643-4b86-9080-aa680ce1f599": {
    "asset": 1580868790169,
    "meta": 1577083950000,
    "relativePath": "image"
  },
  "e851e89b-faa2-4484-bea6-5c01dd9f06e2": {
    "asset": 1577083950000,
    "meta": 1581241734049,
    "relativePath": "image\\default_btn_normal.png"
  },
  "71561142-4c83-4933-afca-cb7a17f67053": {
    "asset": 1577083950000,
    "meta": 1581241734033,
    "relativePath": "image\\default_btn_disabled.png"
  },
  "b43ff3c2-02bb-4874-81f7-f2dea6970f18": {
    "asset": 1577083950000,
    "meta": 1581241734165,
    "relativePath": "image\\default_btn_pressed.png"
  },
  "edd215b9-2796-4a05-aaf5-81f96c9281ce": {
    "asset": 1577083950000,
    "meta": 1581241734151,
    "relativePath": "image\\default_editbox_bg.png"
  },
  "d81ec8ad-247c-4e62-aa3c-d35c4193c7af": {
    "asset": 1577083950000,
    "meta": 1581241734244,
    "relativePath": "image\\default_panel.png"
  },
  "99170b0b-d210-46f1-b213-7d9e3f23098a": {
    "asset": 1577083950000,
    "meta": 1581241734229,
    "relativePath": "image\\default_progressbar_bg.png"
  },
  "567dcd80-8bf4-4535-8a5a-313f1caf078a": {
    "asset": 1577083950000,
    "meta": 1581241734400,
    "relativePath": "image\\default_radio_button_off.png"
  },
  "cfef78f1-c8df-49b7-8ed0-4c953ace2621": {
    "asset": 1577083950000,
    "meta": 1581241734385,
    "relativePath": "image\\default_progressbar.png"
  },
  "9d60001f-b5f4-4726-a629-2659e3ded0b8": {
    "asset": 1577083950000,
    "meta": 1581241734454,
    "relativePath": "image\\default_radio_button_on.png"
  },
  "4bab67cb-18e6-4099-b840-355f0473f890": {
    "asset": 1577083950000,
    "meta": 1581241734467,
    "relativePath": "image\\default_scrollbar_bg.png"
  },
  "617323dd-11f4-4dd3-8eec-0caf6b3b45b9": {
    "asset": 1577083950000,
    "meta": 1581241734624,
    "relativePath": "image\\default_scrollbar_vertical_bg.png"
  },
  "d6d3ca85-4681-47c1-b5dd-d036a9d39ea2": {
    "asset": 1577083950000,
    "meta": 1581241734611,
    "relativePath": "image\\default_scrollbar_vertical.png"
  },
  "0291c134-b3da-4098-b7b5-e397edbe947f": {
    "asset": 1577083950000,
    "meta": 1581241734697,
    "relativePath": "image\\default_scrollbar.png"
  },
  "6e056173-d285-473c-b206-40a7fff5386e": {
    "asset": 1577083950000,
    "meta": 1581241734860,
    "relativePath": "image\\default_sprite.png"
  },
  "0275e94c-56a7-410f-bd1a-fc7483f7d14a": {
    "asset": 1577083950000,
    "meta": 1581241734685,
    "relativePath": "image\\default_sprite_splash.png"
  },
  "73a0903d-d80e-4e3c-aa67-f999543c08f5": {
    "asset": 1577083950000,
    "meta": 1581241734847,
    "relativePath": "image\\default_toggle_checkmark.png"
  },
  "c25b9d50-c8fc-4d27-beeb-6e7c1f2e5c0f": {
    "asset": 1577083950000,
    "meta": 1581241734921,
    "relativePath": "image\\default_toggle_disabled.png"
  },
  "d29077ba-1627-4a72-9579-7b56a235340c": {
    "asset": 1577083950000,
    "meta": 1581241734934,
    "relativePath": "image\\default_toggle_normal.png"
  },
  "5c3eedba-6c41-4c0c-9ba7-d91f813cbd1c": {
    "asset": 1580868790289,
    "meta": 1577083950000,
    "relativePath": "materials"
  },
  "b181c1e4-0a72-4a91-bfb0-ae6f36ca60bd": {
    "asset": 1577083950000,
    "meta": 1581241735092,
    "relativePath": "image\\default_toggle_pressed.png"
  },
  "fc09f9bd-2cce-4605-b630-8145ef809ed6": {
    "asset": 1580868790653,
    "meta": 1577083950000,
    "relativePath": "misc"
  },
  "c4480a0a-6ac5-443f-8b40-361a14257fc8": {
    "asset": 1577083950000,
    "meta": 1581241734956,
    "relativePath": "materials\\builtin-phong.mtl"
  },
  "db019bf7-f71c-4111-98cf-918ea180cb48": {
    "asset": 1580868790794,
    "meta": 1577083950000,
    "relativePath": "model"
  },
  "e39e96e6-6f6e-413f-bcf1-ac7679bb648a": {
    "asset": 1580868790775,
    "meta": 1577083950000,
    "relativePath": "model\\prefab"
  },
  "a87cc147-01b2-43f8-8e42-a7ca90b0c757": {
    "asset": 1580869693594,
    "meta": 1581241735178,
    "relativePath": "model\\prefab\\box.prefab"
  },
  "fe1417b6-fe6b-46a4-ae7c-9fd331f33a2a": {
    "asset": 1580869693606,
    "meta": 1581241735170,
    "relativePath": "model\\prefab\\capsule.prefab"
  },
  "b5fc2cf2-7942-483d-be1f-bbeadc4714ad": {
    "asset": 1580869693621,
    "meta": 1581241735196,
    "relativePath": "model\\prefab\\cone.prefab"
  },
  "1c5e4038-953a-44c2-b620-0bbfc6170477": {
    "asset": 1580869693637,
    "meta": 1581241735216,
    "relativePath": "model\\prefab\\cylinder.prefab"
  },
  "3f376125-a699-40ca-ad05-04d662eaa1f2": {
    "asset": 1580869693652,
    "meta": 1581241735275,
    "relativePath": "model\\prefab\\plane.prefab"
  },
  "6c9ef10d-b479-420b-bfe6-39cdda6a8ae0": {
    "asset": 1580869693663,
    "meta": 1581241735284,
    "relativePath": "model\\prefab\\quad.prefab"
  },
  "2d9a4b85-b0ab-4c46-84c5-18f393ab2058": {
    "asset": 1580869693677,
    "meta": 1581241735310,
    "relativePath": "model\\prefab\\sphere.prefab"
  },
  "de510076-056b-484f-b94c-83bef217d0e1": {
    "asset": 1580869693688,
    "meta": 1581241735829,
    "relativePath": "model\\prefab\\torus.prefab"
  },
  "2be36297-9abb-4fee-8049-9ed5e271da8a": {
    "asset": 1577083950000,
    "meta": 1581241735114,
    "relativePath": "misc\\default_video.mp4"
  },
  "f6e6dd15-71d1-4ffe-ace7-24fd39942c05": {
    "asset": 1580868790826,
    "meta": 1577083950000,
    "relativePath": "obsolete"
  },
  "8a96b965-2dc0-4e03-aa90-3b79cb93b5b4": {
    "asset": 1577083950000,
    "meta": 1581241736042,
    "relativePath": "obsolete\\atom.png"
  },
  "f743d2b6-b7ea-4c14-a55b-547ed4d0a045": {
    "asset": 1580868790860,
    "meta": 1577083950000,
    "relativePath": "particle"
  },
  "b8223619-7e38-47c4-841f-9160c232495a": {
    "asset": 1577083950000,
    "meta": 1581241738621,
    "relativePath": "obsolete\\atom.plist"
  },
  "b2687ac4-099e-403c-a192-ff477686f4f5": {
    "asset": 1577083950000,
    "meta": 1581241738618,
    "relativePath": "particle\\atom.plist"
  },
  "d0a82d39-bede-46c4-b698-c81ff0dedfff": {
    "asset": 1577083950000,
    "meta": 1581241736161,
    "relativePath": "particle\\atom.png"
  },
  "ae6c6c98-11e4-452f-8758-75f5c6a56e83": {
    "asset": 1580868923735,
    "meta": 1577083950000,
    "relativePath": "prefab"
  },
  "972b9a4d-47ee-4c74-b5c3-61d8a69bc29f": {
    "asset": 1580869696470,
    "meta": 1581241736223,
    "relativePath": "prefab\\button.prefab"
  },
  "897ef7a1-4860-4f64-968d-f5924b18668a": {
    "asset": 1580869696484,
    "meta": 1581241736291,
    "relativePath": "prefab\\camera.prefab"
  },
  "2c937608-2562-40ea-b264-7395df6f0cea": {
    "asset": 1580869696496,
    "meta": 1581241736310,
    "relativePath": "prefab\\canvas.prefab"
  },
  "61aeb05b-3b32-452b-8eed-2b76deeed554": {
    "asset": 1580869696510,
    "meta": 1581241736333,
    "relativePath": "prefab\\editbox.prefab"
  },
  "27756ebb-3d33-44b0-9b96-e858fadd4dd4": {
    "asset": 1580869696524,
    "meta": 1581241736359,
    "relativePath": "prefab\\label.prefab"
  },
  "785a442c-3ceb-45be-a46e-7317f625f3b9": {
    "asset": 1580869696538,
    "meta": 1581241736381,
    "relativePath": "prefab\\layout.prefab"
  },
  "a3ee0214-b432-4865-9666-4a3211814282": {
    "asset": 1580868923726,
    "meta": 1577083950000,
    "relativePath": "prefab\\light"
  },
  "61906da3-7003-4bda-9abc-5769c76faee4": {
    "asset": 1580869696591,
    "meta": 1581241736409,
    "relativePath": "prefab\\light\\ambient.prefab"
  },
  "ddb99b39-7004-47cd-9705-751905c43c46": {
    "asset": 1580869696723,
    "meta": 1581241736493,
    "relativePath": "prefab\\light\\directional.prefab"
  },
  "0cf30284-9073-46bc-9eba-e62b69dbbff3": {
    "asset": 1580869696730,
    "meta": 1581241736551,
    "relativePath": "prefab\\light\\point.prefab"
  },
  "f5331fd2-bf42-4ee3-a3fd-3e1657600eff": {
    "asset": 1580869696742,
    "meta": 1581241736558,
    "relativePath": "prefab\\light\\spot.prefab"
  },
  "ca8401fe-ad6e-41a8-bd46-8e3e4e9945be": {
    "asset": 1580869696798,
    "meta": 1581241736565,
    "relativePath": "prefab\\pageview.prefab"
  },
  "cd33edea-55f5-46c2-958d-357a01384a36": {
    "asset": 1580869696812,
    "meta": 1581241736585,
    "relativePath": "prefab\\particlesystem.prefab"
  },
  "5965ffac-69da-4b55-bcde-9225d0613c28": {
    "asset": 1580869696824,
    "meta": 1581241736591,
    "relativePath": "prefab\\progressBar.prefab"
  },
  "4a37dd57-78cd-4cec-aad4-f11a73d12b63": {
    "asset": 1580869696842,
    "meta": 1581241736596,
    "relativePath": "prefab\\richtext.prefab"
  },
  "32044bd2-481f-4cf1-a656-e2b2fb1594eb": {
    "asset": 1580869696856,
    "meta": 1581241736628,
    "relativePath": "prefab\\scrollview.prefab"
  },
  "0004d1cf-a0ad-47d8-ab17-34d3db9d35a3": {
    "asset": 1580869696870,
    "meta": 1581241736655,
    "relativePath": "prefab\\slider.prefab"
  },
  "1f55e3be-b89b-4b79-88de-47fd31018044": {
    "asset": 1580869696908,
    "meta": 1581241736660,
    "relativePath": "prefab\\sprite_splash.prefab"
  },
  "96083d03-c332-4a3f-9386-d03e2d19e8ee": {
    "asset": 1580869696922,
    "meta": 1581241736664,
    "relativePath": "prefab\\sprite.prefab"
  },
  "7de03a80-4457-438d-95a7-3e7cdffd6086": {
    "asset": 1580869696950,
    "meta": 1581241736670,
    "relativePath": "prefab\\tiledmap.prefab"
  },
  "0e42ba95-1fa1-46aa-b2cf-143cd1bcee2c": {
    "asset": 1580869696965,
    "meta": 1581241736677,
    "relativePath": "prefab\\tiledtile.prefab"
  },
  "0d784963-d024-4ea6-a7db-03be0ad63010": {
    "asset": 1580869696980,
    "meta": 1581241736683,
    "relativePath": "prefab\\toggle.prefab"
  },
  "bf0a434c-84dd-4a8e-a08a-7a36f180cc75": {
    "asset": 1580869697013,
    "meta": 1581241736690,
    "relativePath": "prefab\\toggleContainer.prefab"
  },
  "d1b8be49-b0a0-435c-83b7-552bed4bbe35": {
    "asset": 1580869697029,
    "meta": 1581241736781,
    "relativePath": "prefab\\toggleGroup.prefab"
  },
  "232d2782-c4bd-4bb4-9e01-909f03d6d3b9": {
    "asset": 1580869697045,
    "meta": 1581241736787,
    "relativePath": "prefab\\videoplayer.prefab"
  },
  "8c5001fd-07ee-4a4b-a8a0-63e15195e94d": {
    "asset": 1580869697059,
    "meta": 1581241736793,
    "relativePath": "prefab\\webview.prefab"
  },
  "d8afc78c-4eac-4a9f-83dd-67bc70344d33": {
    "asset": 1580868791342,
    "meta": 1577083950000,
    "relativePath": "resources"
  },
  "294c1663-4adf-4a1e-a795-53808011a38a": {
    "asset": 1580868791244,
    "meta": 1577083950000,
    "relativePath": "resources\\effects"
  },
  "144c3297-af63-49e8-b8ef-1cfa29b3be28": {
    "asset": 1577083950000,
    "meta": 1581241736865,
    "relativePath": "resources\\effects\\builtin-2d-gray-sprite.effect"
  },
  "0e93aeaa-0b53-4e40-b8e0-6268b4e07bd7": {
    "asset": 1577083950000,
    "meta": 1581241737118,
    "relativePath": "resources\\effects\\builtin-2d-spine.effect"
  },
  "2874f8dd-416c-4440-81b7-555975426e93": {
    "asset": 1577083950000,
    "meta": 1581241737153,
    "relativePath": "resources\\effects\\builtin-2d-sprite.effect"
  },
  "c0040c95-c57f-49cd-9cbc-12316b73d0d4": {
    "asset": 1577083950000,
    "meta": 1581241737173,
    "relativePath": "resources\\effects\\builtin-clear-stencil.effect"
  },
  "79eafaef-b7ef-45d9-9c3f-591dc836fc7a": {
    "asset": 1577083950000,
    "meta": 1581241737230,
    "relativePath": "resources\\effects\\builtin-unlit-transparent.effect"
  },
  "6d91e591-4ce0-465c-809f-610ec95019c6": {
    "asset": 1577083950000,
    "meta": 1581241737279,
    "relativePath": "resources\\effects\\builtin-unlit.effect"
  },
  "bbee2217-c261-49bd-a8ce-708d6bcc3500": {
    "asset": 1580868791324,
    "meta": 1577083950000,
    "relativePath": "resources\\materials"
  },
  "6f801092-0c37-4f30-89ef-c8d960825b36": {
    "asset": 1577083950000,
    "meta": 1581241737289,
    "relativePath": "resources\\materials\\builtin-2d-base.mtl"
  },
  "3a7bb79f-32fd-422e-ada2-96f518fed422": {
    "asset": 1577083950000,
    "meta": 1581241737300,
    "relativePath": "resources\\materials\\builtin-2d-gray-sprite.mtl"
  },
  "7afd064b-113f-480e-b793-8817d19f63c3": {
    "asset": 1577083950000,
    "meta": 1581241737304,
    "relativePath": "resources\\materials\\builtin-2d-spine.mtl"
  },
  "eca5d2f2-8ef6-41c2-bbe6-f9c79d09c432": {
    "asset": 1577083950000,
    "meta": 1581241737308,
    "relativePath": "resources\\materials\\builtin-2d-sprite.mtl"
  },
  "cf7e0bb8-a81c-44a9-ad79-d28d43991032": {
    "asset": 1577083950000,
    "meta": 1581241737312,
    "relativePath": "resources\\materials\\builtin-clear-stencil.mtl"
  },
  "2a296057-247c-4a1c-bbeb-0548b6c98650": {
    "asset": 1577083950000,
    "meta": 1581241737318,
    "relativePath": "resources\\materials\\builtin-unlit.mtl"
  },
  "954fec8b-cd16-4bb9-a3b7-7719660e7558": {
    "asset": 1577083950000,
    "meta": 1581241747731,
    "relativePath": "model\\primitives.fbx"
  },
  "1f2c205b-68b4-4eab-80ee-5b2dfd4d8d1e": {
    "asset": 1581393966242,
    "meta": 1580889393781,
    "relativePath": "Texture"
  },
  "62f023bb-e544-40bc-8347-20d62d2e1366": {
    "asset": 1581400383522,
    "meta": 1580889409831,
    "relativePath": "Script"
  },
  "82e22b33-1b25-4636-beb1-794a97588c88": {
    "asset": 1580891189720,
    "meta": 1580889422912,
    "relativePath": "Scene"
  },
  "a04c3aa9-3c7e-4771-b77c-65d01c48e644": {
    "asset": 1581400095377,
    "meta": 1581400095441,
    "relativePath": "Scene\\main.fire"
  },
  "fc914477-428f-49fd-801a-56a1dec5fb15": {
    "asset": 1580800474936,
    "meta": 1580890381866,
    "relativePath": "Texture\\icon_jysc.png"
  },
  "4bd8c41c-7aab-41b3-96a7-a19070bbd392": {
    "asset": 1580800474921,
    "meta": 1580890381897,
    "relativePath": "Texture\\icon–dhzx.png"
  },
  "2ae470dc-9244-4e97-9737-ad7a18e0da76": {
    "asset": 1581322080707,
    "meta": 1580959301507,
    "relativePath": "Texture\\prefab"
  },
  "5e7f1123-de51-480a-b513-75a1c936c185": {
    "asset": 1580961733518,
    "meta": 1581143506950,
    "relativePath": "Texture\\bg2.png"
  },
  "9f80956e-755b-462b-8966-a02c7e5ddd13": {
    "asset": 1581002104000,
    "meta": 1581143756134,
    "relativePath": "Texture\\bg.png"
  },
  "96bd5485-f05b-4861-881f-0c52c1799290": {
    "asset": 1580999552000,
    "meta": 1581143862897,
    "relativePath": "Texture\\1-1b.png"
  },
  "dc69d2df-d758-4d12-adbe-4970204edd6b": {
    "asset": 1580999524000,
    "meta": 1581143862905,
    "relativePath": "Texture\\1-1a.png"
  },
  "f0d8a14c-0501-47b6-aa62-463f143e053b": {
    "asset": 1581228716414,
    "meta": 1581228727868,
    "relativePath": "Texture\\chicken.png"
  },
  "9e2aa953-9162-4818-b7ba-81026dc4ba28": {
    "asset": 1581413729742,
    "meta": 1581413729772,
    "relativePath": "Texture\\prefab\\tempTian.prefab"
  },
  "88597343-78d6-451d-9d6a-45bab0fd7e3b": {
    "asset": 1581229969967,
    "meta": 1581229970023,
    "relativePath": "Texture\\bg_zz∂.png"
  },
  "5f3c40d0-411a-4a0c-a154-397f2209edff": {
    "asset": 1581230157677,
    "meta": 1581230207120,
    "relativePath": "Texture\\seedlings.png"
  },
  "7ebd887c-6614-4c0b-b82d-1f3c21a5c738": {
    "asset": 1581230339148,
    "meta": 1581230339290,
    "relativePath": "Texture\\icon_caiji.png"
  },
  "e45e027e-71da-45ac-944a-4eacb28f11e1": {
    "asset": 1581230423378,
    "meta": 1581230423473,
    "relativePath": "Texture\\sprite_btqp.png"
  },
  "2a0e0ce1-000f-4ed1-ba79-029cdc2a9f78": {
    "asset": 1581230468003,
    "meta": 1581230468034,
    "relativePath": "Texture\\icon_js.png"
  },
  "432af3a7-9ba3-4157-8a20-176b9499fdb8": {
    "asset": 1581230583206,
    "meta": 1581230583302,
    "relativePath": "Texture\\prefab\\sprite_btqp.prefab"
  },
  "875718e2-6828-43fe-aefc-c7e61839f9cb": {
    "asset": 1581230947512,
    "meta": 1581230947730,
    "relativePath": "Texture\\icon_lipai.png"
  },
  "b8a3d45d-3069-45e7-a8bb-51336cc0efd7": {
    "asset": 1581231289702,
    "meta": 1581231289715,
    "relativePath": "Texture\\prefab\\icon_lipai.prefab"
  },
  "f62db7cd-66b4-4c55-90bb-0d4b165dbc28": {
    "asset": 1581232264457,
    "meta": 1581236000874,
    "relativePath": "Texture\\bg-tm.png"
  },
  "cd5a0701-fe56-4874-812a-1156f2ce5644": {
    "asset": 1581236311827,
    "meta": 1581236311891,
    "relativePath": "Texture\\prefab\\bg-tm.prefab"
  },
  "93119185-6f33-44e7-a45b-0ffe274716f9": {
    "asset": 1581234791999,
    "meta": 1581235287030,
    "relativePath": "Texture\\bg-paomadeng.png"
  },
  "ae976f9f-2ef2-43be-8280-c0bc6c8386de": {
    "asset": 1581408100382,
    "meta": 1581408100511,
    "relativePath": "Texture\\prefab\\bg-paomadeng.prefab"
  },
  "2db2e0c5-f5db-4de2-9d9a-223521e16087": {
    "asset": 1581244212454,
    "meta": 1581244212489,
    "relativePath": "Texture\\prefab\\exchange.prefab"
  },
  "71d4ba84-f3d0-45af-9f3a-4597a445adb6": {
    "asset": 1581237289571,
    "meta": 1581237289912,
    "relativePath": "Texture\\btn2.png"
  },
  "46a5e755-0a9c-47f8-b24f-8d19f2201483": {
    "asset": 1581237370751,
    "meta": 1581237370911,
    "relativePath": "Texture\\sprite-BAR.png"
  },
  "911fade3-f2b4-4d0d-baf6-279c9b6ac0c4": {
    "asset": 1581237545155,
    "meta": 1581238115271,
    "relativePath": "Texture\\exchange_title.png"
  },
  "33f3d3eb-c993-44e2-9571-f94d249d6750": {
    "asset": 1581238189329,
    "meta": 1581238200319,
    "relativePath": "Texture\\sprite_dhsd1.png"
  },
  "08d607c4-ff7e-497a-8c24-8deb1064391f": {
    "asset": 1581238305283,
    "meta": 1581238387736,
    "relativePath": "Texture\\bg_dhzxd2.png"
  },
  "cbc93acd-c08a-4633-91c7-246a4b1bd5a2": {
    "asset": 1581242231487,
    "meta": 1581242231663,
    "relativePath": "Texture\\VI.png"
  },
  "f39becfa-85dd-4f20-af3a-e62753d012f1": {
    "asset": 1581242231490,
    "meta": 1581242231671,
    "relativePath": "Texture\\BTN1.png"
  },
  "262c617f-972f-4ddc-8e2c-dfed5d1322c5": {
    "asset": 1581242231490,
    "meta": 1581242312979,
    "relativePath": "Texture\\bg_dhzxd.png"
  },
  "98f4d157-1baa-43cb-8465-2b085d4a978b": {
    "asset": 1581243926960,
    "meta": 1581243927151,
    "relativePath": "Texture\\prefab\\bg_dhzxd.prefab"
  },
  "34413a24-f78f-43b9-ae1b-93f2d8f4133f": {
    "asset": 1581243140368,
    "meta": 1581243148426,
    "relativePath": "Texture\\gift1.png"
  },
  "fd04e3ba-7ede-4c17-96f5-f3c22ced3752": {
    "asset": 1581321156266,
    "meta": 1581317481076,
    "relativePath": "Script\\basic"
  },
  "8016fee1-f748-4a91-89be-1782e15bb86d": {
    "asset": 1562305785661,
    "meta": 1581317485659,
    "relativePath": "Script\\basic\\clientEvent.js"
  },
  "83cdb067-ca34-4a50-8e2a-755ecada2cb0": {
    "asset": 1561698994406,
    "meta": 1581317485794,
    "relativePath": "Script\\basic\\eventListener.js"
  },
  "1d554bd5-ace9-49da-9a90-d06746981b2c": {
    "asset": 1562299398203,
    "meta": 1581317487145,
    "relativePath": "Script\\basic\\pool.js"
  },
  "9a851ac1-e429-4ac6-a675-43d13a1f4397": {
    "asset": 1562316797156,
    "meta": 1581317487148,
    "relativePath": "Script\\basic\\redis.js"
  },
  "3fa5bbbc-5d1c-4f68-b626-14fb9dd4c5ca": {
    "asset": 1562575770563,
    "meta": 1581321156697,
    "relativePath": "Script\\basic\\wxLogin.js"
  },
  "4c9204ff-b969-43c7-b423-99f9d58c294f": {
    "asset": 1581388593004,
    "meta": 1581388609931,
    "relativePath": "Script\\basic\\config.js"
  },
  "1dc14b01-3758-42a7-aab9-093088c770d1": {
    "asset": 1581390021633,
    "meta": 1581390024202,
    "relativePath": "Script\\basic\\network.js"
  },
  "4a020d81-833c-47a1-b7c2-36ccbbbdecbf": {
    "asset": 1581410840767,
    "meta": 1581392233468,
    "relativePath": "resources"
  },
  "17001c24-a7d5-403c-bfcb-d017883314c9": {
    "asset": 1581392233573,
    "meta": 1581392233470,
    "relativePath": "resources\\tian"
  },
  "b4c948e2-a6e7-497f-93bf-9cb656aa9d0a": {
    "asset": 1580999524000,
    "meta": 1581392234764,
    "relativePath": "resources\\tian\\1-1a.png"
  },
  "6417381d-147a-4e5c-b5cd-e0fb39b94682": {
    "asset": 1580999552000,
    "meta": 1581392234767,
    "relativePath": "resources\\tian\\1-1b.png"
  },
  "02fc3c3e-a9b4-484f-bb47-4f3ddcf81fd3": {
    "asset": 1580999582000,
    "meta": 1581392234823,
    "relativePath": "resources\\tian\\1-2a.png"
  },
  "1af2ccaa-671a-4863-9fb9-cb89fb6fab46": {
    "asset": 1580999612000,
    "meta": 1581392234835,
    "relativePath": "resources\\tian\\1-2b.png"
  },
  "51877014-1188-47eb-a80f-caa7a992a8a5": {
    "asset": 1580999766000,
    "meta": 1581392234951,
    "relativePath": "resources\\tian\\1-3b.png"
  },
  "84bdb5c5-8648-4d2c-8f09-4db71c810e9e": {
    "asset": 1580999644000,
    "meta": 1581392234962,
    "relativePath": "resources\\tian\\1-3a.png"
  },
  "c3676022-2aa8-4a1f-989a-6565673ed37a": {
    "asset": 1580999798000,
    "meta": 1581392235003,
    "relativePath": "resources\\tian\\2-1b.png"
  },
  "8400e6e1-239c-4ccc-a1b8-2c19e88921c8": {
    "asset": 1580999706000,
    "meta": 1581392235006,
    "relativePath": "resources\\tian\\2-1a.png"
  },
  "216d7571-194a-4e88-9aa7-1ddedcdbdb89": {
    "asset": 1580999858000,
    "meta": 1581392235052,
    "relativePath": "resources\\tian\\2-2b.png"
  },
  "c01a6e35-17f9-4022-961b-74a054e875bc": {
    "asset": 1580999832000,
    "meta": 1581392235059,
    "relativePath": "resources\\tian\\2-2a.png"
  },
  "4778ec31-13a7-40b0-9d72-4d78db8af2e4": {
    "asset": 1580999890000,
    "meta": 1581392235163,
    "relativePath": "resources\\tian\\2-3a.png"
  },
  "be892e77-ed96-40a2-a49b-59311e98bafd": {
    "asset": 1580999906000,
    "meta": 1581392235168,
    "relativePath": "resources\\tian\\2-3b.png"
  },
  "4aae7d03-735c-4856-a439-d890b716cc6a": {
    "asset": 1580999936000,
    "meta": 1581392235252,
    "relativePath": "resources\\tian\\3-1a.png"
  },
  "cd4ac810-8f36-4776-b76e-a3a0f017bb1b": {
    "asset": 1580999956000,
    "meta": 1581392235260,
    "relativePath": "resources\\tian\\3-1b.png"
  },
  "4e238507-92c0-49cb-a71d-f3d6b4491ad0": {
    "asset": 1581000002000,
    "meta": 1581392235296,
    "relativePath": "resources\\tian\\3-2b.png"
  },
  "ab05ae74-fe6e-4ec4-9335-235dd9fa4ecb": {
    "asset": 1581000168000,
    "meta": 1581392235338,
    "relativePath": "resources\\tian\\3-3a.png"
  },
  "03630cc0-723b-4fcb-af5a-4309ff20c72a": {
    "asset": 1580999984000,
    "meta": 1581392235348,
    "relativePath": "resources\\tian\\3-2a.png"
  },
  "0c2363e5-9361-4397-9e06-dcde6172825c": {
    "asset": 1581000186000,
    "meta": 1581392235367,
    "relativePath": "resources\\tian\\3-3b.png"
  },
  "3fbe8688-20e1-40c2-bdf2-60c9e9ed5545": {
    "asset": 1581000262000,
    "meta": 1581392235420,
    "relativePath": "resources\\tian\\4-1a.png"
  },
  "2268dbd0-f557-4346-abfe-5ef1da323d66": {
    "asset": 1581000284000,
    "meta": 1581392235427,
    "relativePath": "resources\\tian\\4-1b.png"
  },
  "14bd703d-59aa-4313-8d20-fbce95af64dd": {
    "asset": 1581000344000,
    "meta": 1581392235457,
    "relativePath": "resources\\tian\\4-2b.png"
  },
  "089faa0e-dbb4-4c31-9d1b-f09369786c84": {
    "asset": 1581000328000,
    "meta": 1581392235492,
    "relativePath": "resources\\tian\\4-2a.png"
  },
  "6718ee0a-853b-4345-aadb-db514d6bfcf7": {
    "asset": 1581000378000,
    "meta": 1581392235580,
    "relativePath": "resources\\tian\\4-3a.png"
  },
  "f787b9a3-69b7-4b1d-b173-739ff0e732b3": {
    "asset": 1581000400000,
    "meta": 1581392235584,
    "relativePath": "resources\\tian\\4-3b.png"
  },
  "b79f5763-44ab-410b-8461-6b2787ba9fa3": {
    "asset": 1581409523321,
    "meta": 1581409528303,
    "relativePath": "Script\\scrollLabel.js"
  },
  "64dd72ba-1a95-4204-9089-d6e931edb539": {
    "asset": 1581410840771,
    "meta": 1581410840767,
    "relativePath": "resources\\crops"
  },
  "b2602fe8-2128-4b10-aab2-18a52c18426f": {
    "asset": 1580800486079,
    "meta": 1581410844921,
    "relativePath": "resources\\crops\\1_0.png"
  },
  "b9d3f641-8567-406d-a1f7-a4dc1ad657e6": {
    "asset": 1580800486120,
    "meta": 1581410844925,
    "relativePath": "resources\\crops\\1_1.png"
  },
  "fe6345c0-b146-44f9-8432-5566eb560470": {
    "asset": 1581476662009,
    "meta": 1581476682819,
    "relativePath": "Script\\basic\\global.js"
  },
  "9191d4cc-bb63-4041-84e1-9958a9324957": {
    "asset": 1581477648631,
    "meta": 1581477651876,
    "relativePath": "Script\\farmMain.js"
  }
}